,tconst,title,genre1,numVotes,startYear,runtimeMinutes,averageRating,url,pays_prod,sypnosis,reco1,reco2,reco3,reco4,trailer_embed_url,complete_movie_embed_url
0,tt0102926,Le Silence des agneaux,Crime,1342484,1991.0,118.0,8.6,https://m.media-amazon.com/images/M/MV5BNjNhZTk0ZmEtNjJhMi00YzFlLWE1MmEtYzM1M2ZmMGMwMTU4XkEyXkFqcGdeQXVyNjU0OTQ0OTY@.jpg,['United States'],"A young F.B.I. cadet must receive the help of an incarcerated and manipulative cannibal killer to help catch another serial killer, a madman who skins his victims",tt0081505,tt0084787,tt8239946,tt0365748,https://www.youtube.com/embed/-ycE-0_uBs4,https://Trailers.to/player/embed/imdb/tt0102926
1,tt0081505,Shining,Drama,953079,1980.0,146.0,8.4,https://m.media-amazon.com/images/M/MV5BZWFlYmY2MGEtZjVkYS00YzU4LTg0YjQtYzY1ZGE3NTA5NGQxXkEyXkFqcGdeQXVyMTQxNzMzNDI@.jpg,"['United Kingdom', 'United States']","A family heads to an isolated hotel for the winter where a sinister presence influences the father into violence, while his psychic son sees horrific forebodings from both past and future",tt0102926,tt0084787,tt0098253,tt3461252,https://www.youtube.com/embed/FZQvIJxG9Xs,https://Trailers.to/player/embed/imdb/tt0081505
2,tt8239946,Tumbbad,Drama,37976,2018.0,104.0,8.3,https://m.media-amazon.com/images/M/MV5BYmQxNmU4ZjgtYzE5Mi00ZDlhLTlhOTctMzJkNjk2ZGUyZGEwXkEyXkFqcGdeQXVyMzgxMDA0Nzk@.jpg,"['India', 'Sweden']",A mythological story about a goddess who created the entire universe. The plot revolves around the consequences when humans build a temple for her first-born,tt9010522,tt0365748,tt5052448,tt7914416,https://www.youtube.com/embed/ZjuhALyNgss,https://Trailers.to/player/embed/imdb/tt8239946
3,tt0084787,La Chose,Horror,396486,1982.0,109.0,8.1,https://m.media-amazon.com/images/M/MV5BNGViZWZmM2EtNGYzZi00ZDAyLTk3ODMtNzIyZTBjN2Y1NmM1XkEyXkFqcGdeQXVyNTAyODkwOQ@@.jpg,"['United States', 'Canada']",A research team in Antarctica is hunted by a shape-shifting alien that assumes the appearance of its victims,tt0091064,tt0092991,tt0365748,tt0102926,https://www.youtube.com/embed/M2o2FRwn_hg,https://Trailers.to/player/embed/imdb/tt0084787
4,tt3461252,The Blue Elephant,Drama,27837,2014.0,170.0,8.1,https://m.media-amazon.com/images/M/MV5BNDkxMzk2ODU4N15BMl5BanBnXkFtZTgwNTM4NjIzMjE@.jpg,['Egypt'],"The story of Dr. Yehia, a psychotherapist at Al Abbasia hospital. He works in the department treating the criminally insane, only to find his best friend to be one of the patients. Trying to help his friend he finds himself going down the rabbit hole.::Anonymous",tt9110340,tt5215952,tt5606664,tt1189073,https://www.youtube.com/embed/RIKclQFKFso,https://Trailers.to/player/embed/imdb/tt3461252
5,tt9010522,Aamis,Drama,2473,2019.0,107.0,8.0,https://m.media-amazon.com/images/M/MV5BODI2ZmFiMDEtOTE2MS00ZjkzLTlmOGMtZjBlYThjYmMwZWI3XkEyXkFqcGdeQXVyNzA0MTg0MzE@.jpg,['India'],"Two chaste lovers bow down to social taboos and repress their feelings, but doing so pushes them towards a horrific crime",tt8239946,tt5052448,tt7914416,tt0365748,https://www.youtube.com/embed/-zv11DpavFI,https://Trailers.to/player/embed/imdb/tt9010522
6,tt0365748,Shaun of the Dead,Comedy,534377,2004.0,99.0,7.9,https://m.media-amazon.com/images/M/MV5BMTg5Mjk2NDMtZTk0Ny00YTQ0LWIzYWEtMWI5MGQ0Mjg1OTNkXkEyXkFqcGdeQXVyNzkwMjQ5NzM@.jpg,"['United Kingdom', 'France', 'United States']","The uneventful, aimless lives of a London electronics salesman and his layabout roommate are disrupted by the zombie apocalypse",tt0387564,tt0230600,tt5334704,tt3416742,https://www.youtube.com/embed/4gQ9oJYLG48,https://Trailers.to/player/embed/imdb/tt0365748
7,tt5052448,Get Out,Horror,537371,2017.0,104.0,7.7,https://m.media-amazon.com/images/M/MV5BMjUxMDQwNjcyNl5BMl5BanBnXkFtZTgwNzcwMzc0MTI@.jpg,"['United States', 'Japan']","A young African-American visits his white girlfriend's parents for the weekend, where his simmering uneasiness about their reception of him eventually reaches a boiling point.",tt7914416,tt5334704,tt7984734,tt1457767,https://www.youtube.com/embed/xnGTjx-AVdc,https://Trailers.to/player/embed/imdb/tt5052448
8,tt3416742,Vampires en toute intimité,Comedy,170941,2014.0,86.0,7.7,https://m.media-amazon.com/images/M/MV5BMjAwNDA5NzEwM15BMl5BanBnXkFtZTgwMTA1MDUyNDE@.jpg,['New Zealand'],"Viago, Deacon, and Vladislav are vampires who are struggling with the mundane aspects of modern life, like paying rent, keeping up with the chore wheel, trying to get into nightclubs, and overcoming flatmate conflicts",tt5334704,tt1156398,tt7914416,tt8173728,https://www.youtube.com/embed/WBly4AfHc3c,https://Trailers.to/player/embed/imdb/tt3416742
9,tt0092991,Evil Dead 2,Comedy,156071,1987.0,84.0,7.7,https://m.media-amazon.com/images/M/MV5BMWY3ODZlOGMtNzJmOS00ZTNjLWI3ZWEtZTJhZTk5NDZjYWRjXkEyXkFqcGdeQXVyNjU0OTQ0OTY@.jpg,['United States'],The lone survivor of an onslaught of flesh-possessing spirits holes up in a cabin with a group of strangers while the demons continue their attack,tt0091064,tt0106308,tt0087800,tt0083907,https://www.youtube.com/embed/7qBGnzz7mPI,https://Trailers.to/player/embed/imdb/tt0092991
10,tt7914416,Ne coupez pas!,Comedy,21404,2017.0,96.0,7.7,https://m.media-amazon.com/images/M/MV5BY2RhNTVhMTEtMzgyNi00NDg1LWIwYjktOTcxNDQyM2ZjNDE1XkEyXkFqcGdeQXVyMTY1NzY2NA@@.jpg,['Japan'],"Things go badly for a hack director and film crew shooting a low budget zombie movie in an abandoned WWII Japanese facility, when they are attacked by real zombies",tt5334704,tt5052448,tt3416742,tt6644200,https://www.youtube.com/embed/Du2XfUDfjN0,https://Trailers.to/player/embed/imdb/tt7914416
11,tt5334704,Twin Peaks: The Missing Pieces,Drama,10210,2014.0,91.0,7.7,https://m.media-amazon.com/images/M/MV5BNmMzNTM2MmEtZWFmNi00NWY2LWI1ZmItOWUyZWIyZDQxODkxXkEyXkFqcGdeQXVyMzg4NzMzODU@.jpg,"['France', 'United States']",Twin Peaks before Twin Peaks (1990) and at the same time not always and entirely in the same place as Twin Peaks: Fire Walk with Me (1992). A feature film which presents deleted scenes from Twin Peaks: Fire Walk with Me (1992) assembled together for the first time in an untold portion of the story's prequel.,tt3416742,tt7914416,tt1156398,tt5052448,https://www.youtube.com/embed/g5EqPZMZO4s,https://Trailers.to/player/embed/imdb/tt5334704
12,tt9110340,Andhaghaaram,Horror,3542,2020.0,171.0,7.7,https://m.media-amazon.com/images/M/MV5BNmY2MTM1Y2MtOTkzNS00YWQ1LTg2NzItMDAyMWI3MjM2NTU1XkEyXkFqcGdeQXVyMTI1NDEyNTM5.jpg,['India'],"As a blind librarian, dispirited cricketer and desolate psychiatrist each seek retribution and release, their lives overlap under eerie influences",tt5215952,tt3461252,tt5606664,tt1396484,,https://Trailers.to/player/embed/imdb/tt9110340
13,tt1156398,Bienvenue à Zombieland,Adventure,546249,2009.0,88.0,7.6,https://m.media-amazon.com/images/M/MV5BMTU5MDg0NTQ1N15BMl5BanBnXkFtZTcwMjA4Mjg3Mg@@.jpg,['United States'],"A shy student trying to reach his family in Ohio, a gun-toting bruiser in search of the last Twinkie and a pair of sisters striving to get to an amusement park join forces in a trek across a zombie-filled America",tt1465522,tt3416742,tt5334704,tt6644200,https://www.youtube.com/embed/NwxrW2nhpSE,https://Trailers.to/player/embed/imdb/tt1156398
14,tt0387564,Saw,Horror,400520,2004.0,103.0,7.6,https://m.media-amazon.com/images/M/MV5BMzQ2ZTBhNmEtZDBmYi00ODU0LTgzZmQtNmMxM2M4NzM1ZjE4XkEyXkFqcGdeQXVyNjE5MjUyOTM@.jpg,['United States'],"Two strangers awaken in a room with no recollection of how they got there, and soon discover they're pawns in a deadly game perpetrated by a notorious serial killer.",tt0230600,tt0289043,tt0464141,tt0256009,https://www.youtube.com/embed/HKPy5RWuqNA,https://Trailers.to/player/embed/imdb/tt0387564
15,tt0289043,28 jours plus tard,Drama,395472,2002.0,113.0,7.6,https://m.media-amazon.com/images/M/MV5BYTFkM2ViMmQtZmI5NS00MjQ2LWEyN2EtMTI1ZmNlZDU3MTZjXkEyXkFqcGdeQXVyNjU0OTQ0OTY@.jpg,['United Kingdom'],"Four weeks after a mysterious, incurable virus spreads throughout the UK, a handful of survivors try to find sanctuary",tt0387564,tt0230600,tt0256009,tt1189073,https://www.youtube.com/embed/WSkua_6hFmw,https://Trailers.to/player/embed/imdb/tt0289043
16,tt0230600,Les autres,Horror,352934,2001.0,101.0,7.6,https://m.media-amazon.com/images/M/MV5BMTAxMDE4Mzc3ODNeQTJeQWpwZ15BbWU4MDY2Mjg4MDcx.jpg,"['Spain', 'United States', 'France', 'Italy']",A woman who lives in her darkened old family house with her two photosensitive children becomes convinced that the home is haunted,tt0387564,tt0109440,tt0289043,tt0256009,https://www.youtube.com/embed/C7pKqaPtMiA,https://Trailers.to/player/embed/imdb/tt0230600
17,tt5700672,Dernier train pour Busan,Action,194100,2016.0,118.0,7.6,https://m.media-amazon.com/images/M/MV5BMTkwOTQ4OTg0OV5BMl5BanBnXkFtZTgwMzQyOTM0OTE@.jpg,['South Korea'],"While a zombie virus breaks out in South Korea, passengers struggle to survive on the train from Seoul to Busan",tt1179933,tt0363547,tt0468492,tt0116367,https://www.youtube.com/embed/E2nrE9JnaDg,https://Trailers.to/player/embed/imdb/tt5700672
18,tt0091064,La Mouche,Drama,170268,1986.0,96.0,7.6,https://m.media-amazon.com/images/M/MV5BODcxMGMwOGEtMDUxMi00MzE5LTg4YTYtYjk1YjA4MzQxNTNlXkEyXkFqcGdeQXVyNzkwMjQ5NzM@.jpg,"['United States', 'United Kingdom', 'Canada']",A brilliant but eccentric scientist begins to transform into a giant man/fly hybrid after one of his experiments goes horribly wrong,tt0087800,tt0082010,tt0109440,tt0092991,https://www.youtube.com/embed/JE8Jl-dIaKA,https://Trailers.to/player/embed/imdb/tt0091064
19,tt1189073,La piel que habito,Drama,146303,2011.0,120.0,7.6,https://m.media-amazon.com/images/M/MV5BMjMwOTYyNDY4NV5BMl5BanBnXkFtZTcwNDI1ODk0Ng@@.jpg,['Spain'],"A brilliant plastic surgeon, haunted by past tragedies, creates a type of synthetic skin that withstands any kind of damage. His guinea pig: a mysterious and volatile woman who holds the key to his obsession",tt1457767,tt0289043,tt9639470,tt7984734,https://www.youtube.com/embed/bcEdhBx6U9c,https://Trailers.to/player/embed/imdb/tt1189073
20,tt0098253,Santa sangre,Drama,20409,1989.0,123.0,7.6,https://m.media-amazon.com/images/M/MV5BMDU4YjUwYzQtNDRiNy00N2NlLTkzODUtYzVmNmE1MGRiMmE1XkEyXkFqcGdeQXVyMTQxNzMzNDI@.jpg,"['Mexico', 'Italy']","A former circus artist escapes from a mental hospital to rejoin his armless mother - the leader of a strange religious cult - and is forced to enact brutal murders in her name as he becomes ""her arms""",tt0110148,tt0099871,tt0103874,tt0082933,https://www.youtube.com/embed/y5o_KX7v5Sc,https://Trailers.to/player/embed/imdb/tt0098253
21,tt0109440,La cité de la peur,Comedy,9017,1994.0,100.0,7.6,https://m.media-amazon.com/images/M/MV5BMjVlZDliMWItMDI3ZS00OTc3LTlmZWYtZmMxZDlkMTlhYTNhXkEyXkFqcGdeQXVyMTYzMDM0NTU@.jpg,['France'],"A second-class horror movie has to be shown at Cannes Film Festival, but, before each screening, the projectionist is killed by a mysterious fellow, with hammer and sickle, just as it happens in the film to be shown",tt0103873,tt0230600,tt0091064,tt0387564,,https://Trailers.to/player/embed/imdb/tt0109440
22,tt8173728,La Casa Lobo,Animation,2224,2018.0,75.0,7.6,https://m.media-amazon.com/images/M/MV5BOGYwNzc3YmEtYjNlMS00OWM0LTg3ZjEtZjMxMDFlMTk0YThmXkEyXkFqcGdeQXVyOTE4MDA1NDI@.jpg,"['Chile', 'Germany']","Tells the story of Maria, a young woman who takes refuge in a house in southern Chile after escaping from a German colony",tt3416742,tt6644200,tt5334704,tt1156398,https://www.youtube.com/embed/EEc3R3Pn0FA,https://Trailers.to/player/embed/imdb/tt8173728
23,tt6644200,Sans un bruit,Drama,486601,2018.0,90.0,7.5,https://m.media-amazon.com/images/M/MV5BMjI0MDMzNTQ0M15BMl5BanBnXkFtZTgwMTM5NzM3NDM@.jpg,['United States'],"In a post-apocalyptic world, a family is forced to live in silence while hiding from monsters with ultra-sensitive hearing",tt1465522,tt7914416,tt5334704,tt3416742,https://www.youtube.com/embed/rqEnM25BsNQ,https://Trailers.to/player/embed/imdb/tt6644200
24,tt1457767,Conjuring: Les dossiers Warren,Horror,478506,2013.0,112.0,7.5,https://m.media-amazon.com/images/M/MV5BMTM3NjA1NDMyMV5BMl5BanBnXkFtZTcwMDQzNDMzOQ@@.jpg,['United States'],Paranormal investigators Ed and Lorraine Warren work to help a family terrorized by a dark presence in their farmhouse,tt7984734,tt1189073,tt9639470,tt0464141,https://www.youtube.com/embed/Zk5f0x2I1_I,https://Trailers.to/player/embed/imdb/tt1457767
25,tt0110148,Entretien avec un vampire,Drama,306287,1994.0,123.0,7.5,https://m.media-amazon.com/images/M/MV5BYThmYjJhMGItNjlmOC00ZDRiLWEzNjUtZjU4MjA3MzY0MzFmXkEyXkFqcGdeQXVyNTI4MjkwNjA@.jpg,['United States'],"A vampire tells his epic life story: love, betrayal, loneliness, and hunger",tt0103874,tt0098253,tt0099871,tt0123948,https://www.youtube.com/embed/qmFYu8x46VY,https://Trailers.to/player/embed/imdb/tt0110148
26,tt0087800,The Claws of the Night,Horror,223277,1984.0,91.0,7.5,https://m.media-amazon.com/images/M/MV5BNzFjZmM1ODgtMDBkMS00NWFlLTg2YmUtZjc3ZTgxMjE1OTI2L2ltYWdlXkEyXkFqcGdeQXVyNTAyODkwOQ@@.jpg,['United States'],The monstrous spirit of a slain child murderer seeks revenge by invading the dreams of teenagers whose parents were responsible for his untimely death,tt0083907,tt0082010,tt0091064,tt0089907,https://www.youtube.com/embed/fVZWqmJeSBU,https://Trailers.to/player/embed/imdb/tt0087800
27,tt0083907,Evil Dead,Horror,197810,1981.0,85.0,7.5,https://m.media-amazon.com/images/M/MV5BODc2MmVjZmUtNjAzMS00MDNiLWIyM2YtOGEzMjg0YjRhMzRmXkEyXkFqcGdeQXVyMTQxNzMzNDI@.jpg,['United States'],"Five friends travel to a cabin in the woods, where they unknowingly release flesh-possessing demons",tt0087800,tt0082010,tt0165623,tt0091064,https://www.youtube.com/embed/D0IzN6NZkqY,https://Trailers.to/player/embed/imdb/tt0083907
28,tt0462322,Grindhouse,Action,181828,2007.0,191.0,7.5,https://m.media-amazon.com/images/M/MV5BMjA0MzExNzc3MV5BMl5BanBnXkFtZTcwODAxMzM0MQ@@.jpg,"['United States', 'Canada']",Quentin Tarantino and Robert Rodriguez's homage to exploitation double features in the '60s and '70s with two back-to-back cult films that include previews of coming attractions between them.,tt5700672,tt0468492,tt0120611,tt0134847,https://www.youtube.com/embed/j1cjXKdox0M,https://Trailers.to/player/embed/imdb/tt0462322
29,tt7984734,The Lighthouse,Drama,175239,2019.0,109.0,7.5,https://m.media-amazon.com/images/M/MV5BZmE0MGJhNmYtOWNjYi00Njc5LWE2YjEtMWMxZTVmODUwMmMxXkEyXkFqcGdeQXVyMTkxNjUyNQ@@.jpg,"['Canada', 'United States', 'Brazil']",Two lighthouse keepers try to maintain their sanity while living on a remote and mysterious New England island in the 1890s,tt9639470,tt1457767,tt5052448,tt4972582,https://www.youtube.com/embed/BRuxEntZ1Mk,https://Trailers.to/player/embed/imdb/tt7984734
30,tt1465522,Tucker & Dale fightent le mal,Comedy,172683,2010.0,89.0,7.5,https://m.media-amazon.com/images/M/MV5BODQ5NDQ0MjkwMF5BMl5BanBnXkFtZTcwNDg1OTU4NQ@@.jpg,['Canada'],Affable hillbillies Tucker and Dale are on vacation at their dilapidated mountain cabin when they are mistaken for murderers by a group of preppy college students,tt1156398,tt6644200,tt1038988,tt5334704,https://www.youtube.com/embed/NdNpFoWrBDQ,https://Trailers.to/player/embed/imdb/tt1465522
31,tt0106308,Evil Dead 3 - L'armée des ténèbres,Comedy,169994,1992.0,81.0,7.5,https://m.media-amazon.com/images/M/MV5BODcyYzM4YTAtNGM5MS00NjU4LTk2Y2ItZjI5NjkzZTk0MmQ1XkEyXkFqcGdeQXVyNjU0OTQ0OTY@.jpg,['United States'],"A sardonic hardware store clerk is accidentally transported to 1300 A.D., where he must retrieve the Necronomicon and battle an army of the dead so he can return home",tt0138704,tt0087800,tt0092991,tt0083907,https://www.youtube.com/embed/1TNt86rg4jI,https://Trailers.to/player/embed/imdb/tt0106308
32,tt0099871,L'échelle de Jacob,Drama,103962,1990.0,113.0,7.5,https://m.media-amazon.com/images/M/MV5BZTg5MTMyNjktNTZhOC00MGFlLWFlMTMtZGU2MjE3OWQ3NjJkXkEyXkFqcGdeQXVyNzkwMjQ5NzM@.jpg,['United States'],"Mourning his dead child, a haunted Vietnam War veteran attempts to uncover his past while suffering from a severe case of dissociation. To do so, he must decipher reality and life from his own dreams, delusions, and perceptions of death",tt0103873,tt0110148,tt0098253,tt0123948,https://www.youtube.com/embed/U6lHSvKD4uk,https://Trailers.to/player/embed/imdb/tt0099871
33,tt0082010,Le Loup-garou de Londres,Comedy,100814,1981.0,97.0,7.5,https://m.media-amazon.com/images/M/MV5BZGNmYWQzMGEtNDlhMS00NzEwLTkzMDItMDQ4MjkyMzRkNjFiXkEyXkFqcGdeQXVyMTQxNzMzNDI@.jpg,"['United Kingdom', 'United States']",Two American college students on a walking tour of Britain are attacked by a werewolf that none of the locals will admit exists,tt0087800,tt0091064,tt0083907,tt0089907,https://www.youtube.com/embed/bRVH3z_erjA,https://Trailers.to/player/embed/imdb/tt0082010
34,tt0103873,Braindead,Comedy,94632,1992.0,104.0,7.5,https://m.media-amazon.com/images/M/MV5BZTZlZDgxMDktNGIyOC00OGVmLWFkMmYtNWM3MjBmMDUzNTc4XkEyXkFqcGdeQXVyNzkwMjQ5NzM@.jpg,['New Zealand'],"A young man's mother is bitten by a Sumatran rat-monkey. She gets sick and dies, at which time she comes back to life, killing and eating dogs, nurses, friends, and neighbors.",tt0109440,tt0099871,tt0123948,tt0091064,https://www.youtube.com/embed/NQa-7V_WzUw,https://Trailers.to/player/embed/imdb/tt0103873
35,tt5215952,The Strangers,Horror,61103,2016.0,156.0,7.5,https://m.media-amazon.com/images/M/MV5BODkwMTgxNjA2NF5BMl5BanBnXkFtZTgwMDc0OTcwOTE@.jpg,"['South Korea', 'United States']","Soon after a stranger arrives in a little village, a mysterious sickness starts spreading. A policeman, drawn into the incident, is forced to solve the mystery in order to save his daughter",tt5606664,tt9110340,tt1396484,tt3065204,https://www.youtube.com/embed/VUWAgbXSJ4Y,https://Trailers.to/player/embed/imdb/tt5215952
36,tt9639470,Last Night in Soho,Drama,20098,2021.0,116.0,7.5,https://m.media-amazon.com/images/M/MV5BZjgwZDIwY2MtNGZlNy00NGRlLWFmNTgtOTBkZThjMDUwMGJhXkEyXkFqcGdeQXVyMTEyMjM2NDc2.jpg,['United Kingdom'],An aspiring fashion designer is mysteriously able to enter the 1960s where she encounters a dazzling wannabe singer. But the glamour is not all it appears to be and the dreams of the past start to crack and splinter into something darker,tt7984734,tt1457767,tt4972582,tt1189073,https://www.youtube.com/embed/XgNrL4Kf7yU,https://Trailers.to/player/embed/imdb/tt9639470
37,tt0093978,Histoires de fantômes chinois,Action,9525,1987.0,98.0,7.5,https://m.media-amazon.com/images/M/MV5BM2M5OGJmZTktMzI4Yi00NmI1LTgyOWEtN2M5MTQ1YjUxMzY5XkEyXkFqcGdeQXVyMTQxNzMzNDI@.jpg,['Hong Kong'],"After a string of bad luck, a debt collector has no other choice than to spend the night in a haunted temple, where he encounters a ravishing female ghost and later battles to save her soul from the control of a wicked tree demon",tt0116367,tt0363547,tt0134847,tt0120611,https://www.youtube.com/embed/p_gcB9E-qoA,https://Trailers.to/player/embed/imdb/tt0093978
38,tt0103874,Dracula,Fantasy,206070,1992.0,128.0,7.4,https://m.media-amazon.com/images/M/MV5BNjcyMDZlMTktYTIxOC00ZWFhLWJkYzgtNWNiYjAwYTFkNjIyXkEyXkFqcGdeQXVyNTIzOTk5ODM@.jpg,"['United Kingdom', 'United States']",The centuries old vampire Count Dracula comes to England to seduce his barrister Jonathan Harker's fiancée Mina Murray and inflict havoc in the foreign land.,tt0110148,tt0105665,tt0094964,tt0098253,https://www.youtube.com/embed/o-_IA-MY0mI,https://Trailers.to/player/embed/imdb/tt0103874
39,tt0138704,Pi,Drama,174761,1998.0,84.0,7.4,https://m.media-amazon.com/images/M/MV5BMjYzNTA4YzItYTQ2Yy00NDQwLWI2OGItN2JmMjZhZTVhMzI5L2ltYWdlXkEyXkFqcGdeQXVyNTAyODkwOQ@@.jpg,['United States'],A paranoid mathematician searches for a key number that will unlock the universal patterns found in nature,tt0106308,tt0123755,tt1038988,tt0113409,https://www.youtube.com/embed/r0SC582sJvE,https://Trailers.to/player/embed/imdb/tt0138704
40,tt1038988,[Rec],Horror,173091,2007.0,78.0,7.4,https://m.media-amazon.com/images/M/MV5BZTJmNTZlZWUtZTQ2Yi00YTFjLWFiNzctYzFlNmZmZGMzYTlmXkEyXkFqcGdeQXVyMjQ2MTk1OTE@.jpg,['Spain'],A television reporter and cameraman follow emergency workers into a dark apartment building and are quickly locked inside with something terrifying,tt1465522,tt0138704,tt1156398,tt6644200,https://www.youtube.com/embed/Am9AsytJCU0,https://Trailers.to/player/embed/imdb/tt1038988
41,tt0464141,L'orphelinat,Drama,151964,2007.0,105.0,7.4,https://m.media-amazon.com/images/M/MV5BYjJiMjE1ODUtOWEwOS00N2YyLWE4YmQtOWNmZTA2Y2I4OWVkXkEyXkFqcGdeQXVyMTMxODk2OTU@.jpg,"['Spain', 'Mexico']","A woman brings her family back to her childhood home, which used to be an orphanage for handicapped children. Before long, her son starts to communicate with an invisible new friend",tt0256009,tt0408236,tt1646959,tt1457767,https://www.youtube.com/embed/ChRHpVPx0VQ,https://Trailers.to/player/embed/imdb/tt0464141
42,tt0256009,L'échine du diable,Drama,64103,2001.0,106.0,7.4,https://m.media-amazon.com/images/M/MV5BZTI3MDcwZGItZDMwNS00ZDBjLWEwOGEtMWEyMWUxNDlkYzBjL2ltYWdlXkEyXkFqcGdeQXVyNTAyODkwOQ@@.jpg,"['Spain', 'Mexico']","After Carlos - a 12-year-old whose father has died in the Spanish Civil War - arrives at an ominous boys' orphanage, he discovers the school is haunted and has many dark secrets which he must uncover.",tt0162661,tt0184503,tt0123948,tt0464141,https://www.youtube.com/embed/RZi4geYuSNE,https://Trailers.to/player/embed/imdb/tt0256009
43,tt0082933,Possession,Drama,28827,1981.0,124.0,7.4,https://m.media-amazon.com/images/M/MV5BMDlkMWMzZTctMWUzNi00ZWUzLWIyYTUtZDUzMTU0ZDMxNzJkXkEyXkFqcGdeQXVyMTMxMTY0OTQ@.jpg,"['France', 'West Germany']",A woman starts exhibiting increasingly disturbing behavior after asking her husband for a divorce. Suspicions of infidelity soon give way to something much more sinister,tt0084516,tt0094964,tt0092563,tt0103874,https://www.youtube.com/embed/Ah4Z1yIAoFM,https://Trailers.to/player/embed/imdb/tt0082933
44,tt0123948,Cure,Crime,13450,1997.0,111.0,7.4,https://m.media-amazon.com/images/M/MV5BOTcwNDQzMWUtZDIwZS00MjVjLTkyY2MtY2U5ZjAwMWIxMDRiXkEyXkFqcGdeQXVyMTg2NTc4MzA@.jpg,['Japan'],A frustrated detective deals with the case of several gruesome murders committed by people who have no recollection of what they've done.,tt0117571,tt0256009,tt0184503,tt0162661,https://www.youtube.com/embed/b4ax7CNt4ag,https://Trailers.to/player/embed/imdb/tt0123948
45,tt1396484,Ça,Horror,498075,2017.0,135.0,7.3,https://m.media-amazon.com/images/M/MV5BZDVkZmI0YzAtNzdjYi00ZjhhLWE1ODEtMWMzMWMzNDA0NmQ4XkEyXkFqcGdeQXVyNzYzODM3Mzg@.jpg,"['United States', 'Canada']","In the summer of 1989, a group of bullied kids band together to destroy a shape-shifting monster, which disguises itself as a clown and preys on the children of Derry, their small Maine town",tt3065204,tt7784604,tt11948256,tt2494362,https://www.youtube.com/embed/hNY5XwLJRG0,https://Trailers.to/player/embed/imdb/tt1396484
46,tt4972582,Split,Horror,459784,2016.0,117.0,7.3,https://m.media-amazon.com/images/M/MV5BZTJiNGM2NjItNDRiYy00ZjY0LTgwNTItZDBmZGRlODQ4YThkL2ltYWdlXkEyXkFqcGdeQXVyMjY5ODI4NDk@.jpg,"['United States', 'Japan']",Three girls are kidnapped by a man with a diagnosed 23 distinct personalities. They must try to escape before the apparent emergence of a frightful new 24th,tt2776344,tt1646959,tt7784604,tt0408236,https://www.youtube.com/embed/hyHPKlbkUZI,https://Trailers.to/player/embed/imdb/tt4972582
47,tt0408236,"Sweeney Todd, le diabolique barbier de Fleet Street",Drama,355773,2007.0,116.0,7.3,https://m.media-amazon.com/images/M/MV5BMTg3NjUxMzM5NV5BMl5BanBnXkFtZTcwMzQ1NjQzMw@@.jpg,"['United States', 'United Kingdom']","The legendary tale of a barber who returns from wrongful imprisonment to 1840s London, bent on revenge for the rape and death of his wife, and resumes his trade while forming a sinister partnership with his fellow tenant, Mrs. Lovett",tt1646959,tt2776344,tt0365376,tt0464141,https://www.youtube.com/embed/L_hgrfZVlJA,https://Trailers.to/player/embed/imdb/tt0408236
48,tt0162661,Sleepy Hollow,Fantasy,346413,1999.0,105.0,7.3,https://m.media-amazon.com/images/M/MV5BMTQ4Yjk5ODEtNGFkOS00OTY1LTgwYTYtOTFkNmU2NzBmNGM2XkEyXkFqcGdeQXVyNDQ2MTMzODA@.jpg,"['United States', 'Germany']","Ichabod Crane is sent to Sleepy Hollow to investigate the decapitations of three people, with the culprit being the legendary apparition, The Headless Horseman",tt0184503,tt0117571,tt0256009,tt0123948,https://www.youtube.com/embed/6RsKwn_Je1k,https://Trailers.to/player/embed/imdb/tt0162661
49,tt0117571,Scream,Horror,311296,1996.0,111.0,7.3,https://m.media-amazon.com/images/M/MV5BMjA2NjU5MTg5OF5BMl5BanBnXkFtZTgwOTkyMzQxMDE@.jpg,['United States'],"A year after the murder of her mother, a teenage girl is terrorized by a new killer, who targets the girl and her friends by using horror films as part of a deadly game",tt0184503,tt0123948,tt0162661,tt0235198,https://www.youtube.com/embed/AWm_mkbdpCA,https://Trailers.to/player/embed/imdb/tt0117571
50,tt7784604,Hérédité,Drama,274989,2018.0,127.0,7.3,https://m.media-amazon.com/images/M/MV5BOTU5MDg3OGItZWQ1Ny00ZGVmLTg2YTUtMzBkYzQ1YWIwZjlhXkEyXkFqcGdeQXVyNTAzMTY4MDA@.jpg,['United States'],A grieving family is haunted by tragic and disturbing occurrences,tt3065204,tt1396484,tt4972582,tt11948256,https://www.youtube.com/embed/ePqN5_09uIw,https://Trailers.to/player/embed/imdb/tt7784604
51,tt3065204,Conjuring 2 : Le Cas Enfield,Horror,252067,2016.0,134.0,7.3,https://m.media-amazon.com/images/M/MV5BZjU5OWVlN2EtODNlYy00MjhhLWI0MDUtMTA3MmQ5MGMwYTZmXkEyXkFqcGdeQXVyNjE5MTM4MzY@.jpg,"['Canada', 'United States', 'United Kingdom']",Ed and Lorraine Warren travel to North London to help a single mother raising four children alone in a house plagued by a supernatural spirit,tt1396484,tt7784604,tt11948256,tt2494362,https://www.youtube.com/embed/VFsmuRPClr4,https://Trailers.to/player/embed/imdb/tt3065204
52,tt0363547,L'armée des morts,Action,247733,2004.0,101.0,7.3,https://m.media-amazon.com/images/M/MV5BN2M2ZmU2OGQtNmU5Yi00MTIyLTgwNWMtYjljMzZlYTdiNjBhXkEyXkFqcGdeQXVyNTAyODkwOQ@@.jpg,"['United States', 'Canada', 'Japan', 'France']","A nurse, a policeman, a young married couple, a salesman and other survivors of a worldwide plague that is producing aggressive, flesh-eating zombies, take refuge in a mega Midwestern shopping mall",tt0116367,tt0134847,tt1179933,tt0468492,https://www.youtube.com/embed/Aq-oVyxJJUs,https://Trailers.to/player/embed/imdb/tt0363547
53,tt0087363,Gremlins,Comedy,209732,1984.0,106.0,7.3,https://m.media-amazon.com/images/M/MV5BZDVjN2FkYTQtNTBlOC00MjM5LTgzMWEtZWRlNGUyYmNiOTFiXkEyXkFqcGdeQXVyMTQxNzMzNDI@.jpg,['United States'],A young man inadvertently breaks three important rules concerning his new pet and unleashes a horde of malevolently mischievous monsters on a small town,tt0089885,tt0085407,tt0092563,tt0084516,https://www.youtube.com/embed/GEu13j7hOvQ,https://Trailers.to/player/embed/imdb/tt0087363
54,tt8332922,Sans un bruit 2,Drama,173285,2020.0,97.0,7.3,https://m.media-amazon.com/images/M/MV5BMTE2ODU4NDEtNmRjNS00OTk1LTg4NmMtNTAzYzVlNzJmYjgzXkEyXkFqcGdeQXVyODk4OTc3MTY@.jpg,['United States'],"Following the events at home, the Abbott family now face the terrors of the outside world. Forced to venture into the unknown, they realize the creatures that hunt by sound are not the only threats lurking beyond the sand path",tt6644200,tt4160708,tt7984734,tt10530176,https://www.youtube.com/embed/BpdDN9d9Jio,https://Trailers.to/player/embed/imdb/tt8332922
55,tt5606664,Doctor Sleep,Drama,170083,2019.0,152.0,7.3,https://m.media-amazon.com/images/M/MV5BYmY3NGJlYTItYmQ4OS00ZTEwLWIzODItMjMzNWU2MDE0NjZhXkEyXkFqcGdeQXVyMzQzMDA3MTI@.jpg,"['United Kingdom', 'United States']","Years following the events of The Shining (1980), a now-adult Dan Torrance must protect a young girl with similar powers from a cult known as The True Knot, who prey on children with powers to remain immortal",tt8772262,tt5215952,tt1396484,tt3065204,https://www.youtube.com/embed/Em3OG3Xi0Ns,https://Trailers.to/player/embed/imdb/tt5606664
56,tt0084516,Poltergeist,Horror,154440,1982.0,114.0,7.3,https://m.media-amazon.com/images/M/MV5BNzliZmRlYTctYmNkYS00NzE5LWI1OWQtMTRiODY5MDMwMTVkXkEyXkFqcGdeQXVyMTQxNzMzNDI@.jpg,['United States'],A family's home is haunted by a host of demonic ghosts.,tt0092563,tt0087363,tt0094964,tt0080516,https://www.youtube.com/embed/9eZgEKjYJqA,https://Trailers.to/player/embed/imdb/tt0084516
57,tt0093437,Génération perdue,Comedy,133728,1987.0,97.0,7.3,https://m.media-amazon.com/images/M/MV5BMWEzNmUxZTMtZjY0My00OGNmLWIyNDctODM2YzZjM2YwZWEwXkEyXkFqcGdeQXVyMTQxNzMzNDI@.jpg,['United States'],"After moving to a new town, two brothers discover that the area is a haven for vampires",tt0089907,tt0087363,tt0089885,tt0085407,,https://Trailers.to/player/embed/imdb/tt0093437
58,tt0105665,Twin Peaks - Fire Walk with Me,Drama,93093,1992.0,134.0,7.3,https://m.media-amazon.com/images/M/MV5BMzc5ODcyNTYtMDAwNy00MDhjLWFmOWUtNGVhMDRlYjE1YzNjXkEyXkFqcGdeQXVyMTQxNzMzNDI@.jpg,"['France', 'United States']","Laura Palmer's harrowing final days are chronicled one year after the murder of Teresa Banks, a resident of Twin Peaks' neighboring town.",tt0103874,tt0110148,tt0094964,tt0082933,https://www.youtube.com/embed/GJdH09lo3DM,https://Trailers.to/player/embed/imdb/tt0105665
59,tt0092563,Angel Heart : Aux portes de l'enfer,Horror,84851,1987.0,113.0,7.3,https://m.media-amazon.com/images/M/MV5BZmQ3Mzg3YjgtNTA1Zi00ODgyLTkyZGUtYTE5NDA5ZmI4NjI1L2ltYWdlL2ltYWdlXkEyXkFqcGdeQXVyMTA0MjU0Ng@@.jpg,"['United Kingdom', 'Canada', 'United States']",A private investigator is hired by a man who calls himself Louis Cyphre to track down a singer named Johnny Favorite. But the investigation takes an unexpected and somber turn,tt0094964,tt0084516,tt0087363,tt0089885,https://www.youtube.com/embed/NKiVe49AgSE,https://Trailers.to/player/embed/imdb/tt0092563
60,tt0089907,Le retour des morts vivants,Comedy,58470,1985.0,91.0,7.3,https://m.media-amazon.com/images/M/MV5BYzY0ZjJlNmMtMGU3NC00Yjk3LTk0N2ItMDNlMDVhZjA4OTFmXkEyXkFqcGdeQXVyMTQxNzMzNDI@.jpg,['United States'],"When two bumbling employees at a medical supply warehouse accidentally release a deadly gas into the air, the vapors cause the dead to rise again as zombies",tt0165623,tt0093437,tt0086541,tt0087800,https://www.youtube.com/embed/GkhCAV3wmIU,https://Trailers.to/player/embed/imdb/tt0089907
61,tt0094964,Faux semblants,Drama,44546,1988.0,116.0,7.3,https://m.media-amazon.com/images/M/MV5BYTY4MTVhZGEtNGUyMS00Y2ZhLTlmN2EtMWI1YTYxMGYyN2I1XkEyXkFqcGdeQXVyMTAwMzUyOTc@.jpg,['Canada'],"Twin gynecologists take full advantage of the fact that nobody can tell them apart, until their relationship begins to deteriorate over a woman",tt0092563,tt0084516,tt0087363,tt0117571,https://www.youtube.com/embed/-ZHbu3msmes,https://Trailers.to/player/embed/imdb/tt0094964
62,tt1646959,Blood Island,Drama,14315,2010.0,115.0,7.3,https://m.media-amazon.com/images/M/MV5BMjAyNDEwMDgzMl5BMl5BanBnXkFtZTcwNzMyMTYwNQ@@.jpg,['South Korea'],"A woman subject to mental, physical and sexual abuse on a remote island seeks a way out",tt2776344,tt0408236,tt4972582,tt0365376,https://www.youtube.com/embed/QBvo4TvbDBU,https://Trailers.to/player/embed/imdb/tt1646959
63,tt0165623,Schizophrenia,Drama,10143,1983.0,87.0,7.3,https://m.media-amazon.com/images/M/MV5BZWE5MmQ4MGYtNDcyMS00YTRhLTkxNDAtZWJhMzAzY2VlMjExXkEyXkFqcGdeQXVyMTQxNzMzNDI@.jpg,['Austria'],A troubled man gets released from prison and starts taking out his sadistic fantasies on an unsuspecting family living in a secluded house,tt0089907,tt0086541,tt0093437,tt0084899,,https://Trailers.to/player/embed/imdb/tt0165623
64,tt2776344,Pee Mak,Comedy,5386,2013.0,115.0,7.3,https://m.media-amazon.com/images/M/MV5BZmIwZjkyZjQtNGIxZC00MjhmLWExODgtYTU4OGFmOTg2MzU2XkEyXkFqcGdeQXVyMjUzNDk4OTQ@.jpg,['Thailand'],"After serving for the war, Mak invites three soldiers whom he befriended, to his home. Upon arrival they witness the village terrified of a ghost. The three friends hear rumors that the ghost is Mak's wife. Based on Thai folklore.",tt1646959,tt4972582,tt0408236,tt1457767,https://www.youtube.com/embed/B9xbj_UK1pc,https://Trailers.to/player/embed/imdb/tt2776344
65,tt0184503,Gamera 3,Fantasy,2720,1999.0,108.0,7.3,https://m.media-amazon.com/images/M/MV5BMDkyMzEzMzctY2M5NS00MzExLThhYWYtNTg2NzA3MmE5YzdjL2ltYWdlL2ltYWdlXkEyXkFqcGdeQXVyNjM2NTM3ODA@.jpg,['Japan'],"Gamera's ties to humanity have been severed as the Gyaos re-emerge. Nagamine and Asagi investigate as an orphaned girl named Ayana discovers a new creature. Named Iris, Ayana seeks revenge on Gamera for the death of her family.",tt0162661,tt0117571,tt0256009,tt0123948,https://www.youtube.com/embed/u9iqqv7bJvo,https://Trailers.to/player/embed/imdb/tt0184503
66,tt1179933,10 Cloverfield Lane,Action,307756,2016.0,103.0,7.2,https://m.media-amazon.com/images/M/MV5BMjEzMjczOTIxMV5BMl5BanBnXkFtZTgwOTUwMjI3NzE@.jpg,['United States'],A young woman is held in an underground bunker by a man who insists that a hostile event has left the surface of the Earth uninhabitable,tt0363547,tt0468492,tt0134847,tt0116367,https://www.youtube.com/embed/yQy-ANhnUpE,https://Trailers.to/player/embed/imdb/tt1179933
67,tt0116367,Une nuit en enfer,Action,300365,1996.0,108.0,7.2,https://m.media-amazon.com/images/M/MV5BZjk3YmZhMDAtOWUzMS00YjE5LTkxNzAtY2I1NGZjMDA2ZTk0XkEyXkFqcGdeQXVyMTQxNzMzNDI@.jpg,"['United States', 'Mexico']","Two criminals and their hostages unknowingly seek temporary refuge in a truck stop populated by vampires, with chaotic results",tt0134847,tt0120611,tt0363547,tt0468492,https://www.youtube.com/embed/y-J9bBvO5dk,https://Trailers.to/player/embed/imdb/tt0116367
68,tt0123755,Cube,Drama,222247,1997.0,90.0,7.2,https://m.media-amazon.com/images/M/MV5BZTIyZGM3NDItMTNmNS00Yzc4LTg2MzItOWY4MTE1NDlmZDIyXkEyXkFqcGdeQXVyMTAwMzUyOTc@.jpg,"['Canada', 'United States']",Six complete strangers with widely varying personalities are involuntarily placed in an endless maze containing deadly traps,tt0113409,tt0178868,tt0100814,tt0440803,https://www.youtube.com/embed/HYoTGYT0-I4,https://Trailers.to/player/embed/imdb/tt0123755
69,tt0435625,The Descent,Adventure,213597,2005.0,99.0,7.2,https://m.media-amazon.com/images/M/MV5BMjA5NzQ1NTgwNV5BMl5BanBnXkFtZTcwNjUxMzUzMw@@.jpg,['United Kingdom'],"A caving expedition goes horribly wrong, as the explorers become trapped and ultimately pursued by a strange breed of predators",tt0440803,tt1029234,tt0178868,tt0162661,https://www.youtube.com/embed/iw_KYXVNBqo,https://Trailers.to/player/embed/imdb/tt0435625
70,tt0086541,Vidéodrome,Horror,88590,1983.0,87.0,7.2,https://m.media-amazon.com/images/M/MV5BNzdlNDk0YTMtNWJjOS00NzhlLThiOTAtZDUyOWNkNDQ2NmU3XkEyXkFqcGdeQXVyNzkwMjQ5NzM@.jpg,['Canada'],A programmer at a TV station that specializes in adult entertainment searches for the producers of a dangerous and bizarre broadcast,tt0165623,tt0084899,tt0089907,tt0091419,https://www.youtube.com/embed/bjvgsePAq_0,https://Trailers.to/player/embed/imdb/tt0086541
71,tt0235198,Audition,Drama,77676,1999.0,115.0,7.2,https://m.media-amazon.com/images/M/MV5BOWYzZjE4NzEtYzFhZS00Zjc3LWJjYTAtZjgwMGQyZjMxZjQ1XkEyXkFqcGdeQXVyNDQ5MDYzMTk@.jpg,"['Japan', 'South Korea']","A widower takes an offer to screen girls at a special audition, arranged for him by a friend to find him a new wife. The one he fancies is not who she appears to be after all",tt0365376,tt0298130,tt0117571,tt0116365,https://www.youtube.com/embed/yhsrsWcEspc,https://Trailers.to/player/embed/imdb/tt0235198
72,tt0178868,Ring,Horror,67339,1998.0,96.0,7.2,https://m.media-amazon.com/images/M/MV5BZjU2OTQwM2QtZjAwMC00MTlhLWFlNjQtYjkxYzQ3MGQwMjNmXkEyXkFqcGdeQXVyNjYyMTYxMzk@.jpg,['Japan'],A reporter and her ex-husband investigate a cursed video tape that is rumored to kill the viewer seven days after watching it,tt0113409,tt0123755,tt0435625,tt0162661,https://www.youtube.com/embed/oTtz7g2tiuI,https://Trailers.to/player/embed/imdb/tt0178868
73,tt0085407,Dead Zone,Drama,66966,1983.0,103.0,7.2,https://m.media-amazon.com/images/M/MV5BMDk2ZGVkY2UtZGE0MS00NTY1LThiZjYtYjQxMTAwMjM5M2VlXkEyXkFqcGdeQXVyNTI4MjkwNjA@.jpg,"['United States', 'Canada']",A man awakens from a coma to discover he has a psychic ability,tt0089885,tt0080516,tt0084777,tt0087363,https://www.youtube.com/embed/ZIQUbE8yHfw,https://Trailers.to/player/embed/imdb/tt0085407
74,tt0113409,L'antre de la folie,Drama,66030,1995.0,95.0,7.2,https://m.media-amazon.com/images/M/MV5BYjNkMWVkYTUtYzUwZi00ZWI1LTg3MzktZjVkNDQxZjFhOTY1XkEyXkFqcGdeQXVyMTQxNzMzNDI@.jpg,['United States'],An insurance investigator begins discovering that the impact a horror writer's books have on his fans is more than inspirational.,tt0178868,tt0123755,tt0100814,tt0109592,https://www.youtube.com/embed/kWDlF3XzcAk,https://Trailers.to/player/embed/imdb/tt0113409
75,tt0089885,Re-Animator,Comedy,61061,1985.0,104.0,7.2,https://m.media-amazon.com/images/M/MV5BNDRjNjRlNmYtZGVkOS00ODA1LWFmMTEtZmY1MWY5ZGM5OWUxXkEyXkFqcGdeQXVyMTQxNzMzNDI@.jpg,['United States'],"After an odd new medical student arrives on campus, a dedicated local and his girlfriend become involved in bizarre experiments centering around the re-animation of dead tissue",tt0085407,tt0089175,tt0087363,tt0088993,https://www.youtube.com/embed/wLJ8Z3PDEGU,https://Trailers.to/player/embed/imdb/tt0089885
76,tt0365376,2 soeurs,Drama,59984,2003.0,114.0,7.2,https://m.media-amazon.com/images/M/MV5BMDMyNDE0ZmQtZTVhZC00M2Q1LTljNmUtYjFiNzljNGNjOTA3XkEyXkFqcGdeQXVyMTQxNzMzNDI@.jpg,['South Korea'],A family is haunted by the tragedies of deaths within the family,tt0235198,tt0298130,tt0408236,tt0184503,https://www.youtube.com/embed/anF5XiN8QY8,https://Trailers.to/player/embed/imdb/tt0365376
77,tt0080516,L'enfant du diable,Horror,32997,1980.0,107.0,7.2,https://m.media-amazon.com/images/M/MV5BODAwYjJhNTctYzA3Ny00YTYxLWE3YmEtM2FjNDdlNWJmMmU5XkEyXkFqcGdeQXVyMTQxNzMzNDI@.jpg,['Canada'],"After the death of his wife and daughter in a car crash, a music professor staying at a long-vacant Seattle mansion is dragged into a decades-old mystery by an inexplicable presence in the mansion's attic.",tt0085407,tt0089885,tt0087363,tt0084777,https://www.youtube.com/embed/kqOYI4TeGtA,https://Trailers.to/player/embed/imdb/tt0080516
78,tt11948256,Lift,Drama,2574,2021.0,134.0,7.2,https://m.media-amazon.com/images/M/MV5BM2M3NjJkYWMtMGY4ZS00Njc3LTg0OGYtMDhkMmE5ZGM5OTVkXkEyXkFqcGdeQXVyODEyNjEwMDk@.jpg,['India'],A usual working day turns unusual for Guru and Harini when they get trapped in their haunted office. A patterned game unlocks a mystery and a lift is their only way out.'],tt1396484,tt3065204,tt7784604,tt2494362,,https://Trailers.to/player/embed/imdb/tt11948256
79,tt0298130,Le Cercle - The Ring,Horror,335454,2002.0,115.0,7.1,https://m.media-amazon.com/images/M/MV5BNDA2NTg2NjE4Ml5BMl5BanBnXkFtZTYwMjYxMDg5.jpg,['United States'],A journalist must investigate a mysterious videotape which seems to cause the death of anyone one week to the day after they view it,tt0365376,tt0235198,tt0116365,tt1228987,https://www.youtube.com/embed/ymPUAsPsTwg,https://Trailers.to/player/embed/imdb/tt0298130
80,tt0884328,The Mist,Horror,293249,2007.0,126.0,7.1,https://m.media-amazon.com/images/M/MV5BMTU2NjQyNDY1Ml5BMl5BanBnXkFtZTcwMTk1MDU1MQ@@.jpg,['United States'],"A freak storm unleashes a species of bloodthirsty creatures on a small town, where a small band of citizens hole up in a supermarket and fight for their lives",tt0762073,tt1228987,tt0298130,tt2494362,https://www.youtube.com/embed/LhCKXJNGzN8,https://Trailers.to/player/embed/imdb/tt0884328
81,tt8772262,Midsommar,Drama,262524,2019.0,148.0,7.1,https://m.media-amazon.com/images/M/MV5BMzQxNzQzOTQwM15BMl5BanBnXkFtZTgwMDQ2NTcwODM@.jpg,"['United States', 'Sweden']",A couple travels to Scandinavia to visit a rural hometown's fabled Swedish mid-summer festival. What begins as an idyllic retreat quickly devolves into an increasingly violent and bizarre competition at the hands of a pagan cult.,tt1632547,tt5606664,tt11948256,tt2494362,https://www.youtube.com/embed/qQ3qxTIsOhQ,https://Trailers.to/player/embed/imdb/tt8772262
82,tt0120611,Blade,Action,258905,1998.0,120.0,7.1,https://m.media-amazon.com/images/M/MV5BOTk2NDNjZWQtMGY0Mi00YTY2LWE5MzctMGRhZmNlYzljYTg5XkEyXkFqcGdeQXVyMTAyNjg4NjE0.jpg,['United States'],"A half-vampire, half-mortal man becomes a protector of the mortal race, while slaying evil vampires",tt0134847,tt0468492,tt0116367,tt0363547,https://www.youtube.com/embed/O2Y3FFFIvRI,https://Trailers.to/player/embed/imdb/tt0120611
83,tt4160708,Don't Breathe: La Maison des ténèbres,Crime,254927,2016.0,88.0,7.1,https://m.media-amazon.com/images/M/MV5BZGI5ZTU2M2YtZWY4MC00ZDFhLTliYTItZTk1NjdlN2NkMzg2XkEyXkFqcGdeQXVyMjY5ODI4NDk@.jpg,"['United States', 'Hungary']","Hoping to walk away with a massive fortune, a trio of thieves break into the house of a blind man who isn't as helpless as he seems.",tt1029234,tt8332922,tt0440803,tt0435625,https://www.youtube.com/embed/76yBTNDB6vU,https://Trailers.to/player/embed/imdb/tt4160708
84,tt0134847,Pitch Black,Action,232466,2000.0,109.0,7.1,https://m.media-amazon.com/images/M/MV5BNTNmYzE1OWYtZDdjNC00OTdhLTg1YjUtYWJlZTVkMzkzNmVkXkEyXkFqcGdeQXVyMTQxNzMzNDI@.jpg,"['United States', 'Australia']","A commercial transport ship and its crew are marooned on a planet full of bloodthirsty creatures that only come out to feast at night. But then, they learn that a month-long eclipse is about to occur",tt0116367,tt0120611,tt0468492,tt0363547,https://www.youtube.com/embed/4n36ennMDs8,https://Trailers.to/player/embed/imdb/tt0134847
85,tt1051906,The Invisible Man,Drama,197749,2020.0,124.0,7.1,https://m.media-amazon.com/images/M/MV5BZjFhM2I4ZDYtZWMwNC00NTYzLWE3MDgtNjgxYmM3ZWMxYmVmXkEyXkFqcGdeQXVyMTkxNjUyNQ@@.jpg,"['Australia', 'United States']","When Cecilia's abusive ex takes his own life and leaves her his fortune, she suspects his death was a hoax. As a series of coincidences turn lethal, Cecilia works to prove that she is being hunted by someone nobody can see.",tt2494362,tt10530176,tt11948256,tt7784604,https://www.youtube.com/embed/aNLDY22_nlc,https://Trailers.to/player/embed/imdb/tt1051906
86,tt0100814,Tremors,Comedy,130171,1990.0,96.0,7.1,https://m.media-amazon.com/images/M/MV5BMTEzNjkwMzIyMjZeQTJeQWpwZ15BbWU4MDI2NTU5ODYx.jpg,['United States'],Natives of a small isolated town defend themselves against strange underground creatures which are killing them one by one,tt0091419,tt0088993,tt0113409,tt0109592,https://www.youtube.com/embed/hpCSCQJEmnk,https://Trailers.to/player/embed/imdb/tt0100814
87,tt1228987,Laisse-moi entrer,Drama,117029,2010.0,116.0,7.1,https://m.media-amazon.com/images/M/MV5BNDQ4MjQ4OTMwMF5BMl5BanBnXkFtZTcwOTYzNDc4Mw@@.jpg,"['United Kingdom', 'United States']",A bullied young boy befriends a young female vampire who lives in secrecy with her guardian,tt0884328,tt0298130,tt0365376,tt1646959,https://www.youtube.com/embed/reRRAEVHq8E,https://Trailers.to/player/embed/imdb/tt1228987
88,tt0468492,The Host,Action,115469,2006.0,120.0,7.1,https://m.media-amazon.com/images/M/MV5BMTE3N2IwNmMtOGE0Ny00NWFlLTliNmUtNjY3ODExYjgxNmUyXkEyXkFqcGdeQXVyMTMxODk2OTU@.jpg,['South Korea'],A monster emerges from Seoul's Han River and begins attacking people. One victim's loving family does what it can to rescue her from its clutches.,tt0120611,tt0134847,tt0116367,tt0363547,https://www.youtube.com/embed/i6b42ZMkUcQ,https://Trailers.to/player/embed/imdb/tt0468492
89,tt2494362,Bone Tomahawk,Drama,94232,2015.0,132.0,7.1,https://m.media-amazon.com/images/M/MV5BMzQ0MzE4OTUzMF5BMl5BanBnXkFtZTgwODAyNzI3NjE@.jpg,"['United States', 'United Kingdom']","In the dying days of the old west, an elderly sheriff and his posse set out to rescue their town's doctor from cannibalistic cave dwellers.",tt0762073,tt1051906,tt11948256,tt0884328,,https://Trailers.to/player/embed/imdb/tt2494362
90,tt1029234,Martyrs,Horror,88750,2008.0,99.0,7.1,https://m.media-amazon.com/images/M/MV5BYTY0NTZlZjYtNWRmZi00MGRjLTk4ZDctMjE4NjBiZTUyNGNhXkEyXkFqcGdeQXVyMTQxNzMzNDI@.jpg,"['France', 'Canada']","A young woman's quest for revenge against the people who kidnapped and tormented her as a child leads her and a friend, who is also a victim of child abuse, on a terrifying journey into a living hell of depravity.",tt0440803,tt0435625,tt4160708,tt0178868,https://www.youtube.com/embed/7ifU8X8Ewqk,https://Trailers.to/player/embed/imdb/tt1029234
91,tt0116365,Fantômes contre fantômes,Comedy,85638,1996.0,110.0,7.1,https://m.media-amazon.com/images/M/MV5BNGZlN2Q2NmYtODdjNi00NjJlLWI5NzYtN2Y5NjIzYWUxOWU5XkEyXkFqcGdeQXVyMTQxNzMzNDI@.jpg,"['New Zealand', 'United States']","After a tragic car accident that kills his wife, a man discovers he can communicate with the dead to con people. However, when a demonic spirit appears, he may be the only one who can stop it from killing the living and the dead",tt0109592,tt0235198,tt0298130,tt0365376,https://www.youtube.com/embed/zmQxM32PWRM,https://Trailers.to/player/embed/imdb/tt0116365
92,tt0091419,La petite boutique des horreurs,Comedy,71454,1986.0,94.0,7.1,https://m.media-amazon.com/images/M/MV5BYzUxZDI3MjktZmM4YS00MzdjLWE5MzctMmI4M2ViMDgxMmUzXkEyXkFqcGdeQXVyNTAyODkwOQ@@.jpg,['United States'],A nerdy florist finds his chance for success and romance with the help of a giant man-eating plant who demands to be fed,tt0100814,tt0088993,tt0084899,tt0084777,https://www.youtube.com/embed/yNpbn4d5neY,https://Trailers.to/player/embed/imdb/tt0091419
93,tt0088993,Le jour des morts-vivants,Horror,66787,1985.0,101.0,7.1,https://m.media-amazon.com/images/M/MV5BNWVmMzlhZGYtMWRiOS00MGIwLTk5YTAtZGE4OTcyYjU3YzZmXkEyXkFqcGdeQXVyMTQxNzMzNDI@.jpg,['United States'],"As the world is overrun by zombies, a small group of scientists and military personnel dwelling in an underground bunker in Florida must determine whether they should educate, eliminate or escape the undead horde",tt0084777,tt0089175,tt0091419,tt0089885,https://www.youtube.com/embed/CJpfFV4Z09U,https://Trailers.to/player/embed/imdb/tt0088993
94,tt0089175,"Vampire, vous avez dit vampire ?",Fantasy,66336,1985.0,106.0,7.1,https://m.media-amazon.com/images/M/MV5BYTBlOTEzZjYtZTlmMC00OTYyLWIyMTAtNzMzZTRhNzU1YzAyL2ltYWdlXkEyXkFqcGdeQXVyMTQxNzMzNDI@.jpg,['United States'],"A teenager discovers that the newcomer in his neighborhood is a vampire, so he turns to an actor in a television horror show for help dealing with the undead",tt0088993,tt0084777,tt0089885,tt0085407,https://www.youtube.com/embed/yfuIcuezkUw,https://Trailers.to/player/embed/imdb/tt0089175
95,tt0762073,"Thirst, ceci est mon sang...",Drama,45024,2009.0,134.0,7.1,https://m.media-amazon.com/images/M/MV5BYzA4MGVkNjMtYWI5NC00YTQwLWJkZTUtOTdjYmI5OGE4ZTUwL2ltYWdlXkEyXkFqcGdeQXVyNTAyODkwOQ@@.jpg,"['South Korea', 'United States']","Through a failed medical experiment, a priest is stricken with vampirism and is forced to abandon his ascetic ways",tt0884328,tt2494362,tt1632547,tt3065204,https://www.youtube.com/embed/Pj5xmmQj-lk,https://Trailers.to/player/embed/imdb/tt0762073
96,tt0440803,Shutter,Horror,43416,2004.0,97.0,7.1,https://m.media-amazon.com/images/M/MV5BY2UzMzQyNTYtOWIwMC00M2RhLTkyZTMtMTYzYzFmNTRkODU4XkEyXkFqcGdeQXVyNTAyODkwOQ@@.jpg,['Thailand'],A young photographer and his girlfriend discover mysterious shadows in their photographs after a tragic accident. They soon learn that you can not escape your past,tt1029234,tt0435625,tt0178868,tt0123755,,https://Trailers.to/player/embed/imdb/tt0440803
97,tt10530176,The Call,Crime,26257,2020.0,112.0,7.1,https://m.media-amazon.com/images/M/MV5BMjlhYzY4ODQtYWY3ZS00NGUwLTk5NWYtYjBlMjUzMmNkZWU0XkEyXkFqcGdeQXVyMTA5NzUzODM4.jpg,['South Korea'],"Two people live in different times. Seo-Yeon lives in the present and Young-Sook lives in the past. One phone call connects the two, and their lives are changed irrevocably.']",tt1051906,tt4972582,tt1228987,tt2776344,https://www.youtube.com/embed/hxkKeniT-0Q,https://Trailers.to/player/embed/imdb/tt10530176
98,tt0084777,Ténèbres,Horror,22425,1982.0,101.0,7.1,https://m.media-amazon.com/images/M/MV5BOTRmNGQ5NTAtNGEzYS00Mjk5LThiZDQtOTk4YTEzNTE1MGZkXkEyXkFqcGdeQXVyNjc1NTYyMjg@.jpg,['Italy'],An American writer in Rome is stalked and harassed by a serial killer who is murdering everyone associated with his work on his latest book,tt0088993,tt0089175,tt0085407,tt0089885,https://www.youtube.com/embed/0cBIf4ExM7U,https://Trailers.to/player/embed/imdb/tt0084777
99,tt0109592,Dellamorte Dellamore,Comedy,20957,1994.0,105.0,7.1,https://m.media-amazon.com/images/M/MV5BMmFlMDBmNzEtM2QxNS00MzUyLTk1YTAtZTQ3ODM5YThlOTFhXkEyXkFqcGdeQXVyMTQxNzMzNDI@.jpg,"['Italy', 'France', 'Germany']",A cemetery man must kill the dead a second time when they become zombies,tt0116365,tt0100814,tt0113409,tt0178868,https://www.youtube.com/embed/ub-4NfFBlpo,https://Trailers.to/player/embed/imdb/tt0109592
100,tt1632547,Cold Fish,Crime,12418,2010.0,146.0,7.1,https://m.media-amazon.com/images/M/MV5BMTQ2NjY3NzU1NV5BMl5BanBnXkFtZTcwODA5MjgxNg@@.jpg,['Japan'],"The lives of a bored suburban couple are changed forever when a seemingly nice old man gives their daughter a job at his fish store, and soon his gruesome hobbies are brought to light",tt0762073,tt8772262,tt2494362,tt5606664,https://www.youtube.com/embed/ieTAZUXrBD0,https://Trailers.to/player/embed/imdb/tt1632547
101,tt0084899,Le chien blanc,Drama,9423,1982.0,90.0,7.1,https://m.media-amazon.com/images/M/MV5BNzY1YjJhNTctZDczMi00MjNkLWIyYzAtODA5OWRmMzkxNzIxXkEyXkFqcGdeQXVyMjUyNDk2ODc@.jpg,['United States'],A trainer attempts to retrain a vicious dog that's been raised to attack black people.,tt0091419,tt0086541,tt0084777,tt0088993,https://www.youtube.com/embed/CSvWzZXVDY0,https://Trailers.to/player/embed/imdb/tt0084899
